kata_tolaki,arti_indonesia,kalimat_tolaki,kalimat_indonesia
a,ah,-,"keto hae qumau-qau 'i o hada, ah, dia lagi akan membohongi"
aa,dalam,ari - mbotingu,dari dalam keranjang
aa,"sungai, kali",opw z woi wose petuhari'i hende - mowewe,berapa kali besar yang bermuara se
aa,pinggang,- no monga,pinggang
aabola,kamar perahu,mbewiso doeke i - tetebua ikuno,tikus yang masuk di. kamar perahu kelihatan
aahua,sumur,ano inau petuha butu sa/a i -,dia pergi turun menuju jalan ke sumur
aahuano,sumurnya,mbemaroi i - rondembelaa mbendudu kuluri mbebaho,ramai sumurnya burung
aalaa,sungai,no ponggi o nw tolu pu'u nggasu i wiwi -,dia melihat dua tiga pohon kayu di tepi sungai
aalahambuti,aalahambuti,aalee tinamoako -,sehingga dinamakan
aalepa,bakul,anorurui umulambendua'i i -,"dia pungut, dia isi kern"
aandembe,pelimbahan,andi-andino motonda ine tembe (i -},antingantingnya jatuh ke pelimbahan
aandoolo,hutan belantara,sabutuno mengaruhi dungguito i - motu 'o,tepat magrib sampailah. di hutan
aanggalo,lembah,o pitu - tinawunino,tujuh lembah yang ditim
aangineke,sumur,i -,di sumur
aarano,bencah,- hende-hendeikaa wuta menggedo,tanah bencah
"aasaki, aasakindahi seberang",laut,laa iropo nggo dunggu mengapa inggapano mokele i -,mereka akan sampai berlabuh di pelabuhan raja
agarna,agama,iso-iso tembono leu -,dahulu waktu datang agama
aha,besar,pe 'eka i laika -,naik di
aha,tengkorak,anopekali'ako - uluno anopundusaki wala'ako tengge' Iarina,dibuangkanlah tengkoraknya dan betisnya dijadikan
ahu,asap,mendoda ako - apino ari mondae,jelas sekali asap apinya
ahua,sumur,moia meena i woino - nggineke,air sumur jernih sekali
"ahupio, umahupio",menimba,i bioiwoi,"Bio menimba air 1 ai engkau: - oolu 'aku akupowisopo le 'esu ine rapi, engkau tunggu saya, saya masuk dahulu ke dalam kamar"
aimbelako,engkau sekalian pergi,- kumiki'i nggiro'o ranoa,kamu sekalian pergi melihat semangka
ai,kalian,kei dunggu i raha - ponahu,"kalau kalian sampai di rumah, kalian memasak"
ai,kamu,- amba umale'ekee,kamu
akan,mengambilkan,,
aioru,kamu segera,saa menggano mbe'aru - mbe'ina'u,"seketika fajar menyingsing, engkau segera ke"
ai,supaya anda,- petuha,"supaya sai agar: - peookilowu mbele, agar 6.. d 31, o az arang: mon unu -, mem-"
ainimo,ke bun,ianku nggo lako i - no,saya akan pergi ke kebunnya
aiso,hampir,haido - leu,adiknya
aisoito,hampir,- kenangia mokole i wolio,hampir kalah raja di
akala,akal,tomboowaindawa,kita
aki,karni,- leu mokowaliko rumuru 'i,karni datang membantumu
ako,sekali,o,"wose -, besar sekali"
anaakono,semua anaknya,laa'iroto mbemolako-lako i une laika' aha - Sangia,semua anak Sangia ada berjalan-jalan di dalam rumah
aku,saya,no anggo kumaa -,dia
ala,Allah,ombu - taala,Tuhan Al
ala,lumbung,nggiro 'o o -,lumbung itu
alando,lumbung kita,atoara-arai atopopambai o ni'ino -,kita
ale,ambil,a no - nggiro 'ono o ika,dia ambil ikan itu
alee,mengambil,ano ene pe 'eka i laika,"- kumopu 'i anano, pergi naik ke rumah mengambil (memeluk) anaknya"
pokoalei,mengambil,inakuki taku - sedangkan saya tidak bisa mengambilnya,
umale,mengambil,oki de'ela no inaku - i,"bukan saya, kasihan yang mengambil"
umale'i,mengambil,inggo'o - o doi ine ta 'asi,kamu yang meng
ambil,uang di tas,umale•ikee ambilkan: iamo - kinano,jangan ambilkan makanannya
aleikee,ambilkan,- pekano ano lako kumabi,"ambilkan pancing besamya, dia akan pergi memancing"
aleito,ambilkan,maa - anoorn mbule,"ya, ambillah supaya dia"
ale-laei,bela,iee no - ana dalo telari nggiro 'o,ia bela anak yang nakal itu
umalei-alei,membela,inae -ana daio mekulero nggiro 'o siapa yang membela anak yang berkelahi itu?,
poalo-alo,pembela,iee metunuako tumotondai onggono,ia pejuang
aleuti,nama kampung,-,"sambeani, hongoa, ronga aului, Aleuti, Sambeani, Hongoa, dengan Aului"
Ali,Ali (nama orang),o tolu o wula nggauno i - no lako,"Ali pergi 1a1o, ma'alo mengambil: i lakota - o kasu, pergilah mengambil kayu"
mo'alokee,mengambilkan,inaku -hero iwoi ininu,saya mengambilkan mereka air minum
poalo,mengambil,no - purnndawa ronga tainahu,dia mengambil sayur dan lauk
mo'alokona,mengambil aku,no laa lako - iwoi,sedang dia pergi
mengambilkan,air bagiku,inalo diambil: o pitu to -no,sudah tujuh yang diambilnya
"aio,t.alo",laku,dadioambahfno,
ato,bantu,mbekaalo - ako,bantu
"alu, aluno",penumbuknya,ku 'onggo /ako monduekee - nainamu,saya akan pergi memotongkan penum
ama,ayah,alii'konato -,belikanlah
meama-peama,panggil bapak,illmota u - keinaku,tak usah kau
panggil,bapak pada saya,,
amamu,bapakmu,kikii'ipo - botu 'ito tiano,lihatlah bapakmu sudah meletus perutnya
amanggu,bapakku,no'oliwi'aku i mbue ronga - saya diberi pesan oleh nenek dan bapakku,
amando,bapak kita,kioki nohori matekupoipi iwingi laikaa taro,"bapak kita belum meninggal, saya mimpi tadi malam (ia) masih hidup"
amano,ayahnya,no oolui -. ia,
amba,baru,mohinapo akuwotai,besoklah baru saya belah
anoamba,baru,- i Toloheru mombeopeonasa,baru Tolohoru
amba,pula,ano -,lagi pula
"amba, o amba",ranjau,iamo melasi' ako loa -,"jangan kau melompat,"
"amba,anoamba",kemudian,-lako o hada nggiro 'o,"kemudian kera itu 5amba, ambatokaahae sekiranya,"
"amba, amba'angguki saya",akan,maa laa'iki nggua'o kalabarianggu - humunu 'iko 'o kalau ada di situ parangku akan saya bakarkan,
ambahi,tikar,- ronga paalua nosoui i ina,tikar dan bantal di jahit ibu lambo ampun: mongani omemin
ambongikomami,rnaafkan kami,mberiou,"maafkan kami, yang"
"ambo, me'ambo","baik, bagus",- ito ku mbule mbiha,lebih baik saya pulang saja
ambonopo,dianggap baik,- mesangginas keno posua omera hende !mba memaheno,dianggap baik untuk kawin kalau menemukan perempuan seperti lmba can
ambolu,dapur,i ina menahu i -,ibu
ambonggupo,nanti saya,- hae te' eni odonga umokora ronga umoseka,nanti saya mengatakan bahwa rusa kuat dan berani
amiu,kalian,umbe lako - momekemeka,kalian pergi memancing di
amoto,jangan,- kunirumba inaku pinalulu,"jangan lagi saya dilana anyam: um -i, menganyam, um - ikee, menganyamkan moana menyirat: - buani, menyi"
ana,anak,- ndonia nggiro'o,anak mudaitu
anadalohako,anak-anak,- ari aalaa nggiro'o mota'u lumango,
anak-anak,dari,rungai itu pintar berenang,
anai'uhu,anak bungsu,ieto onataataa faa sanmggano,dialah anak bungsu yang tidak ada baju topengnya
ana.ruo,anak kembar,nggiro 'o - meambo,anak kernbar itu baik
anakoda,nokada,kuonggo mo'olikee - inea,akan saya datang rnembelikan pinang untuk nakoda
anadalo,anak-anak bayi,laeto pelua'ako obeli tewindanoto - sedang darah keluar,lahirlah bayi
anando,anak kita,nopesarapukee - i wuta Sina,dipertunangkan
anak,kita di tanah Cina,pe'ana beranak,"bersalin: inae - i wingi, siapa bersalin tadi rnalam? pe'anakee rnelahirkan, mernperanakkan"
anabangga,biduk,- nggiroo ari ito inindio,biduk itu sudah selesai dikeljakan
ana,mohewu bocah,ana dalo nggiro'o laipo -,anak itu masih bocah
anahoma,belukar,- toro morome i pamba aalaa,hutan belukar tumhuh dengan suburnya di pinggir
anakia,raja,tuluranotaa madupa,perkataan raja tidak terbukti
anakia,bangsawan,- mbatola,bangsawan yang rnemegang tarnpuk pedewa (sangia) atau putra rnahkota
anakiahako,sernua bangsawan,rolaa mbelue nggiro'o - sernua,
anamotuo,orang tua,tooto nonio - no,sudah tidak ada orang tuanya
anandonia,pernuda,toono nggiro'o monggii - laalako i kambo,orang itu melihat pernuda yang pergi ke
anandumunge,layang-layang rurnah,lakonoto i Oheo momone -,"lalu Oheo memanjat di layang-layang '""'""IP"" jari kelingking"
anawai,bidadari,i wowono-kuri - ndomumu dange wulaa,"(nama buah-buahan), konon dia adalah bidadari di puncak pohon dangge 2 Anawai nama orang: metobokee pisano - i purit-tahi, Anawi menikamkan pisaunya di dasar laut"
Anawaingguluri,Anawaingguluri,te' eni i -,Anawaingguluri berkata
ana,dalo anak-anak,tano 'ehe momboedea - laaumi'ia,tidak mau mendengar anak-anak yang mena
anawula,bintang,telate - i lahuene,bertaburan bintang di langit
asorupa,sebintang,i Amin ronga i A ti hende-hendeno -,Amin dan
Ati,rupanya sebintang,pokondau tekono ne ana wula perbintangan,
andi-ancli,anting-anting,ana dalo niino mombake - wulaa,anak ini
andonga,"pusat, tengah",iinimo,"di aniko, me'aniko"
andoolo,belantara,- motou nggiro 'o molua mbuupuu,hutan belantara
"ane, oane",anai-anai,tusa laikano no kasi -,tiang rumahnya dimakan
angga,sibuk,la'iroto - anotebua i Tolohoru membesui-sui,"sementara mereka sibuk, muncullah To"
anggalo,lembah,rotambeli'ito sao owosw noponoki'i ngara -,mereka temukan ular besar yang memenuhi dasar lembah
aa,JUJgOlo lembah-lembah,tepopo -,"lembah-lembah yang baanggari kaduito ro tekokoni - kaa nobakale wata mate, mereka cukup kaget karena bergelimpananggo semacam nyanyian dengan tari: mombodea o -, mendengar semacam nyanyian dengan tari"
ani,kulit,hendekaa bokeo tade-tadeno ronga mo'uso - no,seperti buaya rupanya dan warna kulitnya hijau
aniulu,kulit kepala,iepo anotelowa mbele'esundoona,"barulah bersayat lebih dahulu kulit kepala aniko, a-e'-""o saya tarik kam: - peeka iwawondobi, saya tarik kamu naik ke atas tebing"
animo,kebun,- pebungaa,"kebun 1 ano dengan: hende owula - mataolee, seperti bulan dengan mata"
anomokora,dengan kuat,"pepoiindi """"",supaya berpegang dengan.
ano,dan,poombiaapi-api,rokok
ano,dia,Iyeto aalaano konawe'oha - molinde,itulah sebabnya sungai 480o lalu
anoamba,lalu,- i Tolohoru mombeopeonasa,"lalu Tolohoru mera580o nanti: mbiha-mbiha - inano ehe, jangan-jangan nanti ibunya 680o sebabnya: ieto - petamo mate' aka ""Langgaimoriana,"" itulah sebabnya diberi nama tetap ""Lang7 ano hanya: - aso lawato tawano, hanya satu lembar daunnya"
ano,supaya,- kadu o pitu o wingi,
anolaa,supaya ada,- anaro o ruo,supaya ada ·dua anak mereka
anowatukee,supaya dia ikut,- o hawo tinulurano,supaya dia ikut
apa-apa,dikatakannya,- 80oarindo supaya sudah: - monduka'ako,supaya sudah mendaki gunung
ano,poia supaya tinggal,- i tolohoru,supaya Tolohoru tinggal
ano,kalau,- dunggu oleo ano leu tandai mesukohakoita,"kalau sampai harinya, dia datang memberi tanda dan mereka bertanya"
anoloa,kalau ada,- henae ni'ino mendaa nolumele,"kalau ada seperti ini, panjang menjalamya 10. h'k'ku ano sampru: wo z z ro - maroa, cuci periuk sampai bersih"
ano,kemudian,- mendiaona,kemudian ia pun hamillah
anoamba,kemudian,- leu tumunu 'ike,kemudian dia datang mem
ano,lagi,- amba,lagi pula
ano,kenapa,- laa hende neino mendaa nolumele,"kenapa ada seperti ini panjangnya menjalar? · 1480o baru, lantas: o tolu o ta'u no lako - leu mbendua, tiga tahun dia pergi baru datang kembali"
ano,sehingga,anomate sehingga mati,
ano,bahwa,aro te'eninggeenoleundo sarapuno,mereka mem17 ano maka
anoene,pergi ke sana,nggiro'o o /ale - tumoko ine palako,lalat itu pergi ke sana dan bertengger di
anoleu,datang,laito tekura - o /ale,"sementara putus asa, datang lalat"
anondee,biasa,- dadiko kiniino mbongga'aro kuluri,biasa banyak dilihatnya bekas makanan burung
ao,"aur, bambu",faa nggo pendamokee i une - i kirotokaa anotekai,"akan dimaksukaan ke dalam aur, di situlah ia tertangkap atau terkurung"
api,api,anoinau mekalikee itonga lea -,dia ke sana membuang di
api-api,korek api,- nggu,korek api
apu,raja,ro onggo ene wowa 'iro - no ro faa meohaki,mereka akan ke sana untuk mengobati rajanya yang sedang sakit
apuno,rajanya,i wawona kuri -,barangkali di atas rajanya
"ara, araarai",coba-cobalah,- kuri wowaikomami Tolohoru,cobacobalah obati karni Toloharu
atoaraarai,kita mencoba,,".,... atopaapaambaio ni'ino alando, kita"
a,rmo telaga,i pamba -,di pinggir
arataa,kain,i ina mongondi -,ibu
"are, moare",kering,- ito iwoino nggiro 'o pangemba,sudah kering ait
ari,"d... d ""b d. an",z maaoa,1 u an pasar
ariikaa,dari situ,- ikiro i puunggasu,dari situ di pohon kayu
ari,selesai,ieponopu'uwine hinawono,baru selesai bibit dihamburkannya
ariitokaa,selesailah,"sabutuno mangarubi ""' onia niowaino Lelewuta",tepat magrib selesailah rakit
ari,"sudah, telah",inggani - kumii kanotauhano,kami sudah melihat kepandaiannya
ariito,sudah,"""' inukuru kinaamu",makananmu sudah diukur
ariito,dia sudah,"""' monduka 'ako",dia sudah mendaki gunung
ariarito,sudah,ihende mongga,seperti sudah makan
arindo,sudah,keno - umolohu 'i sao owosw,kalau sudah ditelan ular besar
ari-arindo,sesudah,- i kiro mbusopu lako-lako inau i aahua,"sesudah itu, lalu tukang besi pergi ke sumur"
arino,sesudahnya,"saa ""' mebaho lakonoto mbule i laika","sesudah mandi, lalu kembali ke iumah"
ari-ari,yang telah,"luwuako toono ""' tineeniakonggu leu tumulungiaku","semua sanak saudara yang telah say a undang datang menolong4 -. ""b h. k h. an, an-an er enti"
"ari, ari-ari",tentang,ipue sumaruitinea/ohino,nenek menceritakan
"ari, tempat pemah",mereka,!euito ona odonga ipamba aalaa - medandi owingi,datanglah rusa di pinggir sungai tempat pemah me
ari-ari,sembuh,- to rungguno,sudah sembuh penyakitnya
anoarhari,berhenti,iepo ona - ndemekaa inelaino mokole,barulah berhenti menggigit di lengan
ariaa,asal,aso iwoi -,ariaa asal.:
ariaa,asai,aso iwoi -,berasal dart
ariarinoikaa,dari atas,- kolopua imumu osu,dari atas gunung kura
ari,fue dengan,kupeekarii simru - wotu meambo,saya menempatinya sesuai dengan waktu yang
ari,ine daripada,sisino niowai - i wulaa,cincinnya terbuat dari pada
ari,ine oleh,iyee mberanoto nimeiriako - guruno,ia sangat disa
arimbiha,pemah,aleono tano - mowaka,harinya tidak pemah luka
arirnbo,nanti,- akute'eninggo 'o,nantilah saya beri tahukan engkau
aro,mereka,hanggari noaso mbesisipako -,hanya satu tempat ber
aro,mearo lapar,i bio - dahu,Bio
asa,siak,imbe lako ananggu,pergi
asaki,seberang,i ngapano mokele i - ndahi,di pelabuhan raja di se
asala,asal,mana metunggo - no meambo,"biar mahal, asal bagus"
asara,asar (sembahyang),sabutuno - dungguno i Tolohoru i wawo rahano,"mokole, tepat asar sampai ue, o ue dagu: aseno haino mowaka, asi, pe'asikeemenyelipkan: noi lolu nggasoro, dia menyelipkan di"
aso,satu,monggo -,satu kali
asoki,satu pun,he maa o - inggo 'o ana dalo,"ya, biar satu pun engkau adalah anak-anak"
aso-aso,satu-satu,ikirotokaa aro ambambeengaa - itoono,di situ saja mereka mengamuk satu-satu
asombole,sepucuk,- mariana,sepucuk meriarnnya
asobanggona,satu kelompok,- tii tiisu,satu kelompok burung puyuhhutan
asombole,satu potong,- o kasu,satu potong kayu
asobita,sedikit,laa purundawa mana -,"ada sayur, tetapi sedikit"
asohoru,seberang,ne /au ari - ndahi,"dia datang dari seberang laut asombe,.-'asombewiso masuk semua"
ata,"hamba, budak",mbera - hakono leu mesombe ine mokole,setiap budaknya datang bersembah sujud kepada raja
atahako,semua budak,lakorotakaa ombombekasi lo-silo mata' aka,lalu semua budak meliriklirik mata
atahakonggu,budak-budak,i wawonukuri -,barangkali di atas (di
ate,hati,- uti,hati biawak
ate,wue paru-paru,- no toano nggiroo kamba,paru-paru orang itu
ato,kita,- lako meraonga-ronga,kita pergi bersarna-sarna
atooru,kita segera,ngapanoto mo- . kele j Aasakindahi - meopolaha nggo pelaika'ando,"pelabuhan raja di seberang laut, kita segera mencarl untuk membuat rumah kita"
atoto,kita akan,keto totandamua ·- mbenderumba,"kita akan berangkat, lalu kita beijatuhan"
ato,atap,- se,atap seng
atopii,diberi atap,- ano horopi 'i,diberi atap dan diberi lantai
atawa,atau,pokosiikee ruo - tolu,simpanlah dua a tau tiga
au,engkau,- lako modinggu,engkau pergi menumbuk rarnai-rarnai (semacarn permainan yang menggunakan lesung)
au'to,engkau akan,maa - to tesehe - to tesaki,kini engkau akan buka mata kalau mendengar bunyi gerak satu kali
au,kaa. engkau,- me 'oli-oli'aka,engkau akan menyesal
au,kaa kiranya,- lakotokaa,so
au,"llaa kiranya, semoga kau",-salama,kiranya kau selarnat
au,supaya karnu,- lakotokaa,supaya karnu saja yang pergi
au,mowohu supaya kenyang,ponggaato -,makanlah supaya kenyang
au,ronga supaya dengan,-pepusu moro-mororo,supaya dengan menutup mata kuat-kuat
au,aro supaya engkau cepat,maa ale 'ito - mbule,ya arnbillah supaya engkau cepat pulang
auki,nanti,oolu'ikaa le'esu - dumulu 'i sarapumu,"tunggulah dahulu, nanti engkau gauli istrimu"
auti,nama karnpung,iyeto ano tinamoako -,"itulah sebabnya dinamakan Auti (tempat berbiawak moako -, itulah sebabnya dinamakan Auti (tempat berbiawak)"
auto,bahwa,te'enitokaa mbueno - umewa 'i amamu,berkata neneknya bahwa engkau akan melawan
awi,pangku,tekono kumopu 'i baisa ndinano ano -,terus dia peluk mertua perempuannya dan dia pangku di atas pahanya
umawi-awi'i,memangk,u di atas paha: ku ehei - ananggu,"saya suka memangk:u anakku awu, meawu berdebu: keno kioki notudu ousa o sala -, kalau tidak turun hujan jalan berdebu"
"baba, babai gendong",dengan sarong,leu umalei - mbele 'esu,"datang mengambil, gendong dengan sa"
babu,baju,- nggu o wose,bajuku besar
bedak,itu,,
mbebada,berbedak,mo'oru-oru ihiro -,pagi-pagi mereka berbedak
mebada,berbedak,"momahemoki keu ari ""'laule","note'eni ana ndonia, ""Alangkah cantik gadis itu kalau sudah berbedak,"" kata anak muda"
badai,membedaki,iee - anano,dia membedaki anaknya
mokobebadai,membedakkan,mesi-mesidato - anano i ana,rajinrajinlah membedakkan anak ani
bagaa,bagan,i -,"di bagan lbage tingkah: dadio osi itoomu - mu, cukup banyak juga tingkahmu"
bageno,tingkah lakunya,dadio' itokaa nggiro 'a ana dalo - bannyak sekali tingkah ·laku anak,
bage,bagei diganggu,iamoto lako -,
baguli,kelereng,o pitu -. nggu,kele
baho,bahoi mandikan,lako mo'alo i-oi ana leu -,pergi mengambil air dan datanglah memandikannya
mbebaho-baho,mandi-mandi,"nora onggo mbelako """" i aalaa",mereka akan pergi mandi-mandi di sungai
mebahoii,menadikan,i biohaino,Bio menadikan adiknya
mebaho,mandi,no tiro 1aa ana da· lo,"..., dia lihat ada anak-anak man"
m-baho-baho,mandi-mandi,luale nggiro'o - gadis itu mandi·mandi,
baiasa,mertua,motuo ito - nggu,su
bakati,gigit,no -,dia gigit
baki,keranjang,ne -,di keranjang
bakoe,"kenapa, mengapa",- nggiro'o ana dalo,mengapa anak itu?
bakula,bingkah (gumpal),aso - o wuta,sebingkah tanah
bakuru,burung tekukur,iee mooho - iainimo,"dia menjerat burung l*anda belanja: - no i ina ingani oleo rua sowu ikila rupia, belanja Ibu hari ini hanya dua ribu-rupiah"
balandaku,membelanjakan,ieehapo-hapono ine sala meambo,ia membelanjakan hartanya di jalan yang baik
balandaH,membalanjai,iee taetadeno ikila - anano,ia tetap mem
belanjai,anaknya,,
balandaano,perbelanjaannya,iee tumitirii - ia menghemat perbebalandete Belandete (nama kampung): tamono -,namanya Balan
"balasi, mobalasi",membalas,no tidu aku lakongguto -,"dia tinju saya,"
balatu,belacu,kai - meamboniowai paalua,kain belacu baik dibuat
ban,tal,,
balipo,biarlah,maa - upepate'aku,"ya, biarlah engkau bunuh saya"
balipo,bolehlah,- auina'u inggoo mokosio,"bolelah engkau ke sana, bana'api, mbana'api"
balipo,baiklah,- kuewali peteiambolu miu,"baiklah aku menjadi -alipo lebih baik: - inggomiu, lebih"
balitokaa,biarlah,oruo toano mate,biarlah dua orang yang meninggal
balo,belok,aha lako mondehe o -,pagi-pagi sekali pergi menarik ba
balo,belang,kinku - dadio wuta ndoraa,"kerbau belang banyak di balu, mebalu-balu berjualan, berdagang"
"balula, mombalulu",menggulung,- ambahi moana ambahi,menggulung tikar mengayam tikar
"balulu, mombalulu",menggulung,tebua - ambahi i bio,Bio muncul
"baluta, si baluta",saling bergumul,i bio ronga i batulu -,Bio dengan
"bana'api, mbana'api",senjata,saponggi'ino o donga lakonoto batukeino,"begitu dia lihat rusa, lalu dia bande, o bjlllde .bande, o bande banci: - nggiro'o motua mosusua, banci itu pandai"
bandera,bendera,no kapa/a nggiro'o tehila ito,bendera kapal itu sudah robek
bandu,Bandung,inaku lako imeronga i pue,saya pergi ke Ban
bangga,"rakit, perahu",nedadio to' ono,di rakit (perahu) banyak orang
banggona,1 kelompok,aso - tiiliisu,satu kelompok hutan
bania,Bania (nama orang),i Tongga i La-,si Tongga La Bania
bara,angin barat,- me/aandee,
bara,bahwa,bawono - haino ariito kawi,kabarnya bahwa adiknya te-ara katanya
barahala,berhala,toano nggiro 'o mesamba -,orang itu menyembah
baraka,berkat,- no doano anamatuono ano /ulusi meambo,berkat dua orang tuanya ia lulus dengan
baralia,berlian,ieto basano paramata motunggo mbuupuu olino,berlian adalah sejenis permata sangat rna
barua,beruang,pewiso kolele mosoko,beruang termasuk binatang
basa,baca,i tolohoru ano - i doa bisano,Tolohoru (dia) baca gunaguna mujarabnya
basai,dibaca,/akonoto...... teruslah dibaca,
basa,bangsa,/aa o tuono butu ine - no,ada gunanya terhadap bangsa
basu,bakul,padenggu aso -,parang
bata-bata,bimbang,anadalo nggiro 'o -,anak itu bimbang
Batara,Batara (nama orang),- Lattu,
bato,ekor,ihiro mooli hapu/o - o manu,mereka me'mbeli sepuluh
batua.,batuano artinya,- pekolo'aro /mba,mereka menggendong lmba
Batulu,nama diri persona (orang),/akoano i - momeha-meha,Batulu
bau,babu blus,- nggiro'o wuohupo no olii i ina,blus itu dibeli oleh
"bawa,bilwaano",kawannya,mbetuha - o hada,turun kawan kera
bawahako,rombongan,- o hada,
"bawo, o",bawo,berita,
bawano,pemberitahuan,- ia ama dungguito i kamba,pemberitaan ayah sudah sarnpai di kampung
"bea, mobea",berat,o/awu nggiro'o - sawatuu,besi itu sangat berat
bebeatii,memberati,iamo usupeda nggiro'o,jangan engkau
beangga,kumbang,tumbu nggaluku nggiro'o nokali -,pucuk kelapa
bebe,itik,ta'ino o - pekalikee,kotoran itik harus dibuang
beca,becak,tukaa -,tukang becak
be'e,karnbing,ana -,anak kambing
beenge,bingung,no - laai pinesuko ako pasipole nggiro 'o,bingung ketika ditanyai hal itu
beka,kucing,- nggu koro ehe lako,kucingku tidak mau pergi
beke,babi,kaduito o woseno nggiro'o o -,cukup besar bagi iti
"bele, o bele",belek,- doee nggiro'o meia iano,belek kosong itu nya-
beli,darah,hanggari o - laala'ieikaa tesolono konia tembono,hanya darah yang keluar tidak henti-hentinya
membell,berdarah,i kirotokaa ana -. pada saat itu lengasung berdarah,
belino,darahnya,/aula sani sumusuki'i laaano - gadis sani mena,
mewaheako,membelok,obangga nggiro 'o - i hana,perahu itu
membelok,ke kanan,hiasan,
bern,bela biri-biri,- nggiro 'o laa mangga o kura,biri-biri itu semen
benda,kurang,kioki no -,tidak ku
"bende, o bende",benteng,luwuako sorodadu nggombania moia i une -,semua serdadi kompeni tinggal di dalam benteng
mebende,berbenteng,iee - nggaunggauno mamusua,ia berbenteng selama dalam pertempuran
bendiro,membentangi,inggito ato /ala ieesorodadu nggiro'o,kita tetap membentengi prajurit itu
benggele,bengkel,- nggiro'o menggau ito menggookoro,bengkel itu sudah lama berdiri
benggeleno,perbengkelan,- pak amin menggauito tinunu,perbengkelan Pak Amin sudah lama ditu
"benggi, o benggi",l tempayan,iee mo,
musu,"-, ia membuat tempayan",2 guci: hendekaa iwoi sinolongako ari i una -,seperti air saja ditumpahkan dari dalam guci
bensgolo,benggol,- ieto doi tambaga,"benggol adalah uang tem-nu, o benu sabut: - ronga oulo notunui hainggu, sabut dan tem"
bepa,kue,opu ito ku maaeno,"sudah habis kumakan kuenya bepe, •••4 E epe berlagak seperti"
bertingkah,seperti,- wai-waipode,
bree,bren,- nggiro 'o kadui mobeano,senjata bren itu cukup berat
berese,petir,hendeki latelalo - tesailo,seperti halilintar yang
bero,tahi mata,laa waawamu,ada
besitele,bestel,no po - pakea aso pasa,ia bestel pakaian satu pasang
bros,bros,- no ana dalo nggiro 'o o limo gra,bros anak itu lima gram
biasa,biasa,iee hende guru - i sikola nggiro 'o,ia sebagai guru biasa di sekolah itu
biasano,biasanya,- tonomotuo momboweehi pokondau ine anano,biasanya orang tua memberi nasihat kepada anaknya
biasa,mertua,iamoto - imasusa,
"biari, membiari",menangis,no podea ito anano laa -,"sudah dia dengar 1 bibi bibir: - no i raino kamba, bibir"
bibi,bibit,i Bio laa mombili o -,sedang Bio memilih bibit
"bibii, anobibii bunyi",berdesing,pihambiha - uwato,"tiba-tiba bunyi bibilole, bibilolenoikaa berputar-putar satu arah"
bidadari,bidadari,ana sina manumanumo -,pipit adalah burung
"bilaa, aso bilaa",se bilangan,- dadiono doino no naai ine lasi meda,sebilangan banyaknya uang disimpan
bilala,bilal,- laa ito baa i masisi ine magaribi,bilal sudah azan di mesjid pada waktu magrib
"bill, mobili",memburu,luwuako to' ono lumoloya keno la -,"semua orang berlari kalau berburu bilo-bil--berudu:- nggiro'o hende ana ika laipo mohewu, berudu itu sepert'i anak ikan yang masih 1hinda, nibinda dilepas: menggaano luwuako ana manu - ito, anak a yam dilepaskan setelah makan"
bindai,dilepas,seropada - manuno,ayam mereka bersamaan dilepas
bindai,lepaskan,aro leu teposuanggeito - koauno,mereka datang menemui kita melepaskan rindunya
"binda, anopebinda dia",berlayar,sabutunopo faa walo-walo anandonia - ari i wuta Sina,semasih anak muda dia berlayar dari tanah Cina
biola,biola,- ieto pakakasa musi,biola ialah nama alat musik
bir,bir,- nggituo nde biasa molanguako,bir itu kadang-kadang me
btri,telinga,melewi mbupuu - no nggiro 'o dalo-dalo,anak itu sangat Iebar telinganya
birino,telinganya,nopekaliketo -,dibaungkan telinganya
birindoka,pendengaran saja,Mohama,"- hae bara atoamba menggi'i, Muhammad, pendengaran saja"
"biri, o biri",tengkuk,wulu mbuu -,
biri-biri,biri-biri,- nggiro 'o faa monggaa o kura,biri-biri itu se
biru-.,o biru biru,- dahu,"biru sekali bisa, doabisa mantra penangkal gunaguna: anosalawa mbule -, mbosule, dia membaca mantra penang"
bisikoi,biskuit,no faa mongga -,dia
bisiloi,besluit,- no i ama peluarako ito metarambuu wula omba 1983,besluit ayah sudah terbit sejak
bisiko,baru rasa,- le 'esu kulanggi teeninggoo,baru rasa memang
bitara,bicara,iamo - i keni,jangan
bite,sirih,meluweako tawano neino o -,daun sirih ini Iebar sekali
"biti, mobiti",berbenteh,i bio ronga i batulu -,Bio dan Batulu berban
bitolo,botol,- nggiro 'o pono ako i woi ininu,botol itu penuh air mi
bobalela,berguling,nggiro 'o - o WI_!- ta,batang kayu itu berguling
boiku,siput,- obungga ronga oura inolino ipue,"siput, kepiting, dan boi·bolku mata kaki: wua munde rbnga - no elano, betis dan mata"
bokeo,buaya,- nggiro'o morako oaso odahu,buaya itu menangkap
boku-boku,betis,sabutuno sakowua mundero,persis sampai betis
"boli-boli, boliboliaepo",seolah-olah,- keno laa'itooro amaro,seolah-olah
bolio,ubah,eheakuki mana auteetademu,"saya mau asalkan engkau honda betung: o - ieto kowuna o wose, betung adalah bambu yang"
bondala,peti,no poindii - no lakonoto gomundii,"dia rnemegang pe1 bone daerah Bone: maatolakoto anaku i -, anakku, rnarilah kita"
bone,sana,imbone,di sana
bongo,kental,- dahu,kental sekali
bonggo,beku,- o luwi nggiro 'o ine mo'oruoru,minyak itu beku pada waktu pagi
bonggoano,pembekuan,- eesi'i laambone lalaiee nokadadio,pembekuan t es di kutub Utara selalu
"boo, o boo",born,- hendeta pakasa kamina o wosw bahaeano,born rnerupakan senjata yang sangat berbahaya
boobo,buku,iee ito rumaleinoari inutemu inasoo niipua,dia rnau rnengambil bukunya yang kupin
boro,borong,iamo u - ngai ana dalo nggituo,jangan kauborong anak itu
bose,bahu,- babuno tehila,bahu
boso,kandang,i une -,di dalam kan
boti,bintik,raino - ako sahua,mukanya berbintik penuh jerawat
boto,biji,aso - ndarahi wuano,
boto,buah,aipowe'aku teaso -,supaya engkau berikan satu buah
bota,tengah,i - no i laika tebuambendernmba,di tengah rumah mereka muncul dan jatuh
"boto, meboto",berjudi,iamoto - i keni,janganlah berjudi di sini
botoanoikaa,dari perjudiannya,pewua 'ito aso-aso -,sudah berbullh satu-satu dari perjudiannya
"boto, teboto'ito sudah",terbentuk,- nggiro 'o laika,sudah terbentuk
botolo,botol,ne -,di botol
batoo,beton,otusa nggiroo peowaino ari ine samburano -,tiang itu terdir.i dad c:m1puran beton
botu,"meledak, bunyi",- mosisiri resa kumono 'i,bunyi senapan seperti
bunyi,yang mengenai sasaran,bue,mebue
butuito,sudah meletus,kikii'ipo amamu - tiano,· lihatlah perut
"bua, buakeeko perlihatkan",engkau,ehe'akuki - mano nggo - rnmapuko,saya mau perlihatkan engkau asalkan kita kawin lbubu nama orang
bubu,tebu hutan,leuminau tesambe lae - ari sinulahi wuohu,datanglah di sana tersangkut pada rumpun tebu hutan yang barn dipo
"bubu, bubito",terbakarlah,- owuta puasa,terbakarlah negara Puasa
bubulili,berputar,saweringadi pe'ula i bangga anolako - lumolo 'i wonua,Saweingading naik di perahu dan pergi berputar mengeliiingi
"bubuti, baiRati mencabuti",bUlunya,lakonoto i Tolohorn - anotunui,"bue, mebue.mengayun: i anii ana, Ani mengayun Ana"
mebue,berkibar,- bandera,ben
"buka, anopobuka akan",membuka,- pombahora,akan membuka kebun
"btdd, o buki",bisu,ana dalo nggiro 'o - ronga mobongo,anak itu bisu
buku,buku,bukumu ine meda,buku
mu,di meja,,
buku-buku,buku-buku-buku,nolara ito - no,"telah berhamburan bultmlwrtr!kukur (burung tekukur): anotebua - sumuko'i,"
bukUJU,tekukur (burung tekukur),anotebuasumuko'i,"dan muncul buleka tempat orang dipikul, usungan: umalei - wulaa, mengambil 1 tempat orang di pikul dengan tandu emas yang terbu-dar"
buli-buli,dubur,-no pueno mohaki,
bulu,beledu,kai - nggiro 'o alusu,kain beledu itu halus
buluparendekaa,perhiasan,tepamali-maliu - sukuwulaa mbena,berjuta-juta perhiasan terdiri dari
bulutungi,kumis,- ronga danggono i pue mendaa,kumis dan janggut
buna,mudah,- mbupu'u,paling mudah
bunaika,mudah saja,he,"- he,"
mudah,saja,,
buna-buna,mudah-mudah,maa - padeno tanjo,"sedangkan yang mudah-mudah, parangnya tidak ada"
mabuna-buna,gampang-gampang,- hamu asobita taute/e dumamae,pun kau tidak bisa kerjakan
buna,murah,- mbupuu,murah se
bundu,guntur,o - no lulete o kila,guntur diikuti sinar kilat
bunga,bunga,pombahora -. kebun bunga,
bungga,kepiting,i bio mo ali o -,"bungge, bungge-bungge"
"bungge, bungge-bungge",keranjang,,"nikaapo ulo -, ini lagi penutup"
bunggeke,kepiting,teposua -,ber
bunggu,belakang,mediu - ako,
mundur,ke belakang,,
mebunggu-bunggu,membelakang,mbakoee inggomiu - aku,mengapa kamu membelakang saya
"belakang, duduk",berbelakang,i bio ronga i batulu - Bio dan Batulu berbelakang-belakangan,
mokoibunggui,membelakangkan,inaeanadalo nggiroo,siapa yang
membelakangkan,anak itu,,
moia.bunggu,terbelakang,motauno - mbuupuu,kepandaiannya sangat terbelakang
bunggu,punggung,- no i ani mohaki,punggung Ani sakit
buramali,merantau,itokaato lakoi kambano toono,sudah lama kamu pergi merantau di negeri orang
"buri, moburi",menulis,inaku toori-,
buri,burik,manu -,. -yam burik
burongadi,nama sejenis burung,tamano -,namanya Burongadi
buroto,nyamuk,i ali mombepato -,
burua,peti,inggoo umalei o doi ine-,engkau mengambil uang dari peti
burua,·doi brangkas (lemari besi),paraluui inggito niino topoli -,kita ini perlu membeli brankas
burulae,sejenis lengkuas,tabaano nololoso 'i nggiro 'o o osu keno kali ikee -,kecuali kalau tembus gunung itu di lempar dengan burulae
"busi, o busi",katak,dadio - i galu,banyak katak di sawah
"busu, mobusu",mencuri,no onggo lako -,dia akan pergi mencuri
"busungp, mebusungge",mendorong,inae - haino,siapa yang men
butu,menuju,- i ale uti,menuju Ale Uti
butui,menuju,nggolakotomeopakoi'i sitti,sudah pergi menuju Sitti
butui,tujui,no - inano,dia tujui ibunya
butui,menuju kepadanya,lakonoto i Tolohoru-,"lalu Tolohoru butu, sabutuno menuju kepadanya"
butu'ikee,menuju,lako - paisa ano,
butuiro,menuju mereka,tebuai takaa uti o wose rumorongga - muncullah biawak besar merang·,
"butu, sabutuno",seketika,- tina Elu Dowo laalaa mobaa nggo tudu no· laa umusa,seketika Tina Elu Dowo mengangkat alunya ketika ia
butu,"sampai, tiba",/akoro to ona metarambu'u megolo pambai aa· laa - i wowano,"lalu mereka pergi memulai berlomba di pinW,r sungai sampai ke muara"
daadaanggena,telanjang,i batulu ihawi i aalaa,Batulu telanjang ke
dadasi,podariasi cepat-cepat,au pewangu,engkau cepat-cepat bangun
anopodadasi,agar dia cepat,aute' eninggee - keno mesosori,katakanlah kepadanya agar dia cepat
anopodadasi,dia cepat-cepat,-peruru,dia cepat-cepat turun
aupodadasi,supaya engkau cepat,- /ako ari'ikeno,supaya engkau pergi cepat dari sini
dadi,jadi,okino - leu,dia tidak jadi datang
dadiki,menjadi,ano -notoro me' ambo toono ronga mbera kadadi,dan orang-orang serta semua binatang menjadi hidup baik
dadio,banyak,maa i lakota mbonggotu kona o tawaano -,pergilah petikkan saya daun sebanyak mungkin
dai-dadio,banyak-banyak,ano,".., o sipo, supaya banyak-banyak lagi"
anodadio,supaya banyak,,".., moropu toono, supaya banyak orang mati"
daga,1 awas,-,"ke'e motonda haimu,"
"awas, nanti jatuh",adikmu,2 jaga: - i inono manu-manu iamo no tebinda,jagalah burung ini jangan
"daha, dumahai",memukul,laahaino nggiro'o dalo-dalo,anak.-anak itu
duhu,1 amat,tekura -,amat sedih
dahu,anjing,mewalo'akono,gemuk sekali anjingnya
dumahu,berburu,i laa buani lako - i osu I Laa Buani pergi berburu ke gunung,
dumahu,berburu dengan anjing,no laa lako - dia sedang pergi berburu dengan memak.ai anjing,
dai,pulut,,
dai,pulut,pae dai,beras pulut
"daka, o daka",sisir,medaka bersisir: ku ki'io laa -,"saya da1ima delirna: iee mombupu -, ia"
dalo,panggilan (anak),- iero rombelue,anak mereka baru saja datang
dalo-dalo,anak-anak,laa dumahii haino nggiro'o -,anak-anak itu
dalu,"benci, musuh",ku - i hae ie,saya benci dia
dama,kerja,mombaho kaa - no,"konio suere, menanam saja kerjanya, tidak ada yang lain"
dumamai,kerjakan,inggami nggo - kami akan kerjakan dambangi,mondambangi menghiraukan
dambu,jambu,inaku tumilak- - i kita,saya mengupas jambu di situ
danda,tanda,kiki'ino,lihat tandanya
dandi,janji,te'embendo inipia,bagaimana janji kita tempo dulu
dang,berjanji,pedandia perjanjian,
dangge,nama pohon,i mumu -,"di puncuk pohon dangge · dao nama panggilan untuk anak perempuan: o dao iamoto umiia, janganlah menangis, Dao! '"
daoa,pasar,i -,di pasar
"dara, odara",kuda,o - ndama nggiro 'o merare hemoloyie,kuda jantan itu cepat lari
dara-dara,belatik,meengge mbuupuu - nggiro 'o,"gagah benar belatik itu dari jaring: mendaa aka nggiro'o o -, jaring itu panjang sekali"
"daso, medaso",rajin,- mombonaho i pombahora,rajin menanam di ke
daso,desak,podasoako desak au -,"3daso, dumasokee menindis, menekannya: kulaa - ana tehodoki pewiso, saya menindis supaya da4 daso akupedasoako saya menyelam: akuto 'tondu -, say a akan tenggelam ketika saya menyelam"
datu,"raja, bangsawan",mate ira o -,raja sudah meninggal
"dea, mombodea",mendengar,ku faaradio,saya sedang mendengar radio
dedendesa,"gemuruh, bergerak",i komonggo ruo,gemuruh yang ke
dee,seperti,- kaasaru tai mbendungguki,seperti saja mereka tidak
deela,kasihan,- motuono nggiro'o to'ono,"kasihan, tuanya orang itu!"
"dene, medene",berwudu,faa - no onggo sambahea,sementara ia pergi berwudu untuk sembahyang
desa,desa,dadio ito to'ono lila nggo mbeleu mbeindo i kandoro -,"sudah banyak orang yang akan datang bekerja di kantor desa ldimba tambur: meambo ako iano o -, bunyi tambur baik sekali"
"dimba, o dimba",beduk,iano - nggiro'o teoposoro-soro,bunyi beduk
"diu, mediu",(ako) mundur,lakonoto lakonoto - bunggu umalei babuno,lalu dia mundur ke belakang
doa,doa,mongoni - salama,
doa'i,hitung,- wiauno keno faa opio,"hitung kemirinya, ada berapa!"
dumoa'i,menghitung,"i ali'"""" doino onggo pewoseke ne bang Indonesia",Ali menghitung uangnya yang
dimasukkan,ke Bangk Indonesia,,
doa-doai,menghitung-hitung,ku - o sawuku onggo moowei amonggu koonio sawono delaa toudo,saya akan kuberikan kepada ayahku karena dia tidak punya sarong
doda,siak,langgo leu o,".._, siak akan · datang"
"dodaso, dodasokee tekan",(menekan),- ano pewiso'i luwuako,tekan
dodo,"kata tugas, katanya",- o pae mbe-mbe menggena,di · manamana padi katanya saml!.- -oe kosong
doeke,tikus,ana -,anak tikus
doi,uang,lala konio - nggu,mernang tidak ada uangku
doki,1 ternan,imbee..:. walimu nipia,di mana temanmu dulu?
"dokowi, mendokowi",menutup,i bio - ako kasoro,Bio menutup diri
"dola, meodola melihat",lewat celah,no - i Iomba-lomba,dia melihat
"dole,pedole",buta,nggiro'o to'onolaa lako molako-lako,orang buta
domba,domba,o - niino morusu,
"dome, medome main",domino,arino moinu o kopi -,"sesudah minum kopi, dia main domino"
"donga, o donga",rusa,nggiro 'o - langgat,rusajantan itu
dopi,papan,pewuangge nggituo - welo,huang papan bengkok itu!
dori,gores,no - 'o rui ne kaeno,dia (tangannya) kena goresan duri
doroo,drum,hende - o wiseno,se.:.
dosa,dosa,konio otuono laambedalu mowaikee o -,tidak ada hanya membuat dosa
"dosa, dumosa",paksaan,- aku lako moala o pae,paksakan saja pergi mengambil padi
dumosa,(i) paksaan (dia),- aku nggo meindio tinelenggu aku amba moreo,"paksakan saja untuk bekerja berat, nanti aku sakit"
"dosa, anopedbsorio dan",tekan,nope' indiri'ito -,sudah dia pegang dan
doti,guna-guna,no mate ako o -,dia
dowiawi,belibis,- nggiro'o lumaa meita,burung belibis terbang
dowo,sendiri,faa moi'a -,dia tinggal
dua,nama buah sejenis pinang,laa lako mepolaha wua -,"sedang pergi mencari buah dua dulumbendua, dhlumbendui berbaik ulang, rujuk: maa auki -, walimu, nanti kamu rujuk dengan istrimu"
dumaa,Jumat,oleo -,hari Jumat
dumulu'i,persatukan,iamo - owoowose ronga memegewu,jangan persatukan yang besar dengan
dunJIU,sampai,laalaa ieto ano - i mumuno,dia benar sampai di puncaknya
anondunggu,dan sampai,no'ene rumoko'i kumopu'i,dia pergi menangkap dan (sampai) memeluknya
anodunggu,dia sampai,"nopelawa lelenga ""' wawo raha","dia masuk negeri, dia (lalu) sampai di kebun"
"dupa, odupa",kemenyan,pondumu keito -,bakarkan kita kemenyan
duria,durian,- inolino i ina,durian
"ea, moea",mengms,i bio - o ramo,"lehe suka: ana luale - mbekini, anak gadis suka mencari kutu ineheno disukainya: meomenaano ine - nimeamboako Iuwuako, sesungguhnya yang disukainya ialah"
ehe,mau,kioki ku - lako,say a tidak mau pergi
ehe,senang,- no no peekakalasi,"(senangnya dia naik kelas), dia senang naik kelas"
ehe-ehe,senang-senang,keno no - tumulungi 'i wawe 'i pe 'eka i wawo sangia,tolong bawa naik ke dewa agar dia senang-senang
"ehe, mokoehe-ehe",bergembira,no no laa mbule maamaano ari i dawaa,dia bergembira karena pamannya pulang dari Jawa
eheano,biar,- motunggo asala meambo,biar mahal asal baik
elengua,tam bah,- moreoo hae no ponggaa oiko dadio,dia tambah sakit karena makan terlalu banyak
ele-lengua,bertambah,- meohaki maamaano,pamannya bertambah sakit
elengua,dan selalu,hanggari - mebeli,dan selalu berdarah
el-lengda,makin,- o putu,rna
eli,air liur,mesiu ako - no monggaa,berselera sekali (ia) makan
elo,lidah,mendaa ako nggirogo ana dalo - no,anak itu panjang sekali
elu,yatim,ka 'asi nggito 'ono ana -,kasihan anak yatim itu
elu'ito'ono,yatim piatu,ana..... etaetai lako,anak yatim piatu ikut
"embe, te'embekee mau",diapakan,nggo - no mosaa to,mau diapa
erne,kencing,hainggu te - i rapi,adikku kencing di kamar
ene,pergi,ano - i horino mokole mongoni paramesi,dia pergi dekat raja minta permisi (pamit)
ene-ene,selalu pergi ke sana,"""'no ari i kita",selalu dia pergi ke sana
emas,lalu pergi,"anoene dia pergi: ""' poindi'i i Watandiabe",dia pergi memegang Wa
"ene, enendo ke",sana,ano - umale'i i batulu,supaya dia ke sana mengambil Batulu
ene-enesi,sekali lagi ke sana,"au""' mo'olikona o bite","engkau sekali lagi ke sana, belikan saya sirih"
ene,naik,no - nggo mowate orembu,dia ke sana untuk memaras
"enda, me'ende",mamanjat,keheero - taipa mereka tidak memanjat,
"ende, me'ende",panjat,laakaluku,
enge,hidung,- no sarapunggu mendadi dahu,hidung pacarJ<u man
"engge, meengge","cakap, gagah, cantik",- ako nggiro 'o anandonia,anak
engu-engu,manja,- lau-lau neino ana dalo,"anak ini manja sekali eot, me'eto"
"eni, enindoono ludah",manusia,nibubungguino ona -,ditinggalkan
enindono,yang disayang,nibubungguino ona -,ditinggalkannya
eno-eno,kalung,- wulaa iee me - pinoko mbeeno-enoako obunga,"kaIung · emas, ia berkalung dikalungi"
"epi, moepi",bermimpi,i bio-i wingi,Bio bermimpi tadi malam
epo,masih,o tolu hanunggu,masih
epu,minyak,mololesi onggo niowairo -,mengupas kelapa mau di
"ero, moera-eroi",bercakap-<,akap: iamoto - i kitu,janganlah bercakap-<
eroi,suara,- no mopeho,suaranya
esi,"kecil, sedikit",- ni'o laa kinaakkanggu kenonesiuki,baru sepotong kecil yang sedang saya ma
etai,ikut,dadio to'onolako mbeindio,"banyak orang ikut pergi beatai tekura belasungkawa: pombokonduu etai masusa tamano -, pernyataan ikut berduka cita"
"eto, me'eto",hitam,tawa nagga daun nangka hi tam ·,
etu,"ratus, seratus",ruo -,"dua ratus tepopoetu-etu beratus-ratus: - to' ono i lapanga, beratus-ratus orang"
eusa,ganti,kekula memai iamo - aku,"kalau saya sedang bermain, jangan ganti saya"
me'eusa,mengganti,laa -babune,dia sementara mengganti bajunya
moeusa,mengganti,i ani - babuno,Ani mengganti bajunya
"ewa, umewa",melawan,i ee laikaa,
ehe,"-, ia masih mau melawan",umewa'i,"melawan: iamoto - petotonotoka'a, kamu diam saja, tak"
gade,"jajan, kue",dadio o - pineoliako i wiwi sa/a,banyak jajan elijual eli
gaeli,gaji,dadio - no,banyak gajinya
mangadi,mengaji,kiningginiwia au leu ato lako - sore nanti kamu datang,kita pergi mengaji
"gaga, megaga",berkelahi,i bio ronga i batulu -,Bio dan Batulu berke lahi
"gaga, magaga",gagah,i Ia baso-baso langgai -,I La Baso-baso laki-laki
galamba,anjungan,- no laika nggiro 'o mea to see,"anjungan rumah galihi, aroponggalihika mereka meng"
galikan,tanah,- aro 'alee paho 'i,mereka menggalikan tanah kemu
galu,"sa wah, ladang",akuto lako le 'esu i -,saya mau pergi sebentar ke sawah
mogalu,bersawah,o ramae taku lako -,biarlah say a tidak pergi
gande,bonceng,- i haimu lako i #- kola,bonceng adikmu ke sekolali
megande,membonceng,iee mesupeda ronga haino notenai - ia bersepeda dan adiknya elisuruhnya membonceng,
garagadi,gergaji,kikiri i - nggiro'o ano meambo,kikir gergaji itu
garisi,garis,ne -,eli garis
"gasa, o gasa",angsa,nopombiara -,elia
"gata, ogata","karet, getah",onggo iekee -,ikat dengan karet! _/
gau,sifat,to'oto ku onggo umooheko mosaa - mu,"saya tidak akan mengikutimu, sifatmu jahat"
"gau, gau-gau",bohong-bohong,u - 'aku,kamu bohong-bohongi aku
mbopu-gau,berbohong (mereka),ehe - to'ono i keni,suka berbo hong orang di sini
"gele, gele-gele",geli-geli,no - aku banggonanggu,temanku geli-geli
"gere, inogere",menyembelih,no laao manu,dia sedang menyembelih ayam
"gili, gumili",putarkan,.ari ko to - keito,"apakah engkau sudah putargog8la, gumogara berteriak: iamo - i keni, jangan berteriak di sini"
gola,gula,haino lako mo'oli o -,"adiknya pergi membeli gula 1 gol-\](eris: - ari iene pue, keris dari"
"golo, mogolo",berlomba,ro faa - i lapanga,mereka berloniba di la
golo-golo,badik,- no nonasi i lolu nggasoro,"badiknya disimpan di plo bola: o - nggiro'o bosoro ·ito, bola itu sudah bocor"
gondi,gunting,- nggu,guntingku
"gondi, gumondi",menguncingnya,no poindii bondalano lakonoto -,dia
"gora, gumora",berteriak,iamo - dadio toono,jangan berteriak ba
gumba,tempayan,peihio nggiro'oiwoi,isi air tempayan itu
guru,guru,leu ito o -,guru sudah
ha,hai,-,"inaeto sumua'i, hai, siapa ·"
haahaa,pelan-pelan,- poindi iamo · ano mosaa,pelan-pelan kaupegang
habara,kabar,o hapo -,apa kabar
hada,monyet,o '..,. melosiako
hada,peiku beruk,-- nggiro'o pindara sawutuu momona,beruk itu
hadi,haji,- ambo leu,haji bam da
hadia,hadiah,mosua -,mendapat
hae,yang,iee ito - inggoonggmerodoo,kamu lagi yang akan
hae,lagi,mohinapiha mbiha ano leu ndamahi o hada,siapa tahu monyet datang lagi ke marl besok
hae,lalu,lakonoto - pesaki ne pondimbano,"lalu mereka pindah ke 'it. bahwa: iepo note'eninggee - no anamo tuonoto hae inaku, baru. baru diberitahukan bahwa saya Shae juga: no samaturu -, ia setuju lhai 1 adik: nggiro"
hai,bersaudara,,
hai,bersaudara,amanggu ronga no ---=: ayahku dan ibunya bersau,
"hai, mohai","terbakar, kebakaran",i tomba homa lahano -,tempat kebakaran di pinggir hutan
haka,akar,mendaa dahu - no neino o una,"lalang itu panjang sekali bald sakit: nde leu - no, sering karnbuh sakitnya"
"hala, o hala",hutang,luwuako nggo powa4ano -,"semuanya untuk hllu-delapan: o - · ndangge inalono o kasu, dia mengambil delapan"
hana,kanan,kae - no tepulu,kaki kanannya patah
mehana,kanan,keu dunggu to i timbanga sa/a nggo - kalau sudah sampai di persimpangan jalan,be
hanggari,"malah, bahkan",- u te'eni u motaku mate,"bahkan engkau katakan, engkau takut mati"
hangpri,hanya,- kiniino tinesilori lahuene nggulelo tahi moledoledo,dia hanya melihat langit bergoynag-goyang di dalam laut
hanggari,sembarang,- ano peula mbele'esu,sembarang yang mau naik lebih dahulu
hanggarikaa,sembarangan,- lahamu numai,sembarangan tempat
hanoto,biar,- kaa ano umiia anadalo nggiro'o,biar saja anak itu me
hanu,rnilik,ieto nggituo umaleiko - mu,itulah yang mengambil milikmu
mbuhanu,yang punya,,
mbuhanu,yang punya,meenaki ie - memang dia yang punya,
"hanuo, humanuo",mengganggu,i batulu - i bio,"Batulu mengganggu hawa, mehawai"
hanu,tepiha beling,- Una koa oleo ano laa asobita saba no tepiha,beling itu makin hari makin pecah
hao,akar,konia o ue onggo mo'usu o - dadi,"tak ada rotan untuk mengikat, akar punjadi"
hapo,apa,o - laa kinaamu,apa yang sementara kamu makan?
mohapo,mengapa,i laa - meng,
hapoto,"apa saja, apa lagi",- laa inu mia akomu,apa yang sedang
hapo,nama,ine -,"di mana 3hapo, hapo!hapo barang-barang: ale' ito - sinolongaku nggiro'o, ambil lharusu harus: nggiruu - ninggoo wadai, itu harus kaubayar"
harusu,binasa,- ito wonua nggiro 'o,rusak binasa negeri itu
hasuruano,kebinasaan,- opea i galu kadania inaso wula,ke binasaan padi di sawah terjadi bulan lalu
momboko,mosaa membinasakan,hende-hendeno notulei - keito luwuakondo,rupanya dapat mem
"hawa, mehawai",mengingt,maakeikaa - dandino,dia pasti akan mengingat janjinya
mombeohawai,mengingat,- toano lako,"mengingat orang pergi hawai mengingat no - haino, dia"
mengingat,adiknya,,
hawaikee,ingatkan,pombeo - co,
ba,ingatkan,,
anopeohawai,supaya dia ingat,- inipino,supaya dia ingat akan mimpinya
anotepehawakirio,dia teringa,- lalonggalukono i wonua mbimiki,dia teringat kebun kelapanya
hawo,apa,tokaa faa niowainu autalako mesikola,apa saja yang kamu buat sehingga tidak pergi bersekokah
hawoe,mengapa,- au taa lako kumabi,"men_gapa kau tidak pergi lhawu, m()hawu menabur: toano nggiro 'o - wua ndainahu, orang itu"
menabur,benih sayuran,,
mbe-w'i,menaburkan,lakonoto - o pae,pergilah ia menghamburkan padi
"hawu, humawui",mengganggu,iamo haimu,jangan mengganggu
he,hai,- humbei nggo lakoamu,"hei, .ke mana kau akan pergi"
"hebo, hinebo",dikocok,o pitu o'qm - no,"o pitu anggalo tinuwunino, tujuh gunung dikocoknya, tujuh"
heera,heran,ihirombupu'u i hawi,mereka he ran sekali kemarin
hei,ya,- kaasi iamo humonu aku,ya kasihan jangan suka menggang
bela,campur,no - i,dia campur
bumelaikee,dicampurkan,-!tombono ano ramo-ramona,usus dan
hende,agak,ihiro - mokohanu mmaJUi,mereka agak malu me
hende,"seperti, sama",ano faa - ni' ina mendaa no lumele,yang menjalar ini sama panjang
anohende,seperti,-akotoka galapu apimu,seperti terlalu berasap apimu
bende-hende,"mirip-mirip, seperti",- no toano ari wuta,seperti orang dari tanah
hendehendeako,menyerupai,hawoe au - tolaka molasu,mengapa engkau menyerupai seperti orang
bendeino,sekarang,no laa leu hae -,dia datang lagi sekarang
"herai, humarei",dikupas,lakonoto pupu'i ano'amba -,lalu dipetik
"hewu, mohewu",kecil,mbakoe taupokondauaku tembono kulaa -,mengapa kau tidak menyapa saya sewaktu kecil
hia,ayo,- to ana ato oru Iako meindio,ayolah kita segera pergi bekerja
humia,mengajak,i bio - ira !akarota mbelaho morabu o pae,"Bio mengajak mereka pergi mencabut hitu, mbohitupi htabia, arombombehiahia mereka berlomba-lomba: nggopelonggorino -, mereka berdki untuk ber"
hiaka,ayo,- saru aupe'eka i keni laha'anggu,"ayo, kamu naik saja"
"hH, meidi tersembunyi",sekali,- lahano humikee,tersembunyi sekali tempatnya dia sembunyi
bunyi,di bawah tanah,pehiiako bersembunyi: - i une Iamari,bersembunyi di dalam lemari
humiikee,menyembunyikan,au Iaa lumolahai noinaku - saya menyembunyikan semen tara kau cari,
hiku,I hasta,meleweno omeda nggiro'o ruo -,Iebar meja itu dua basta
hine,ipar perempuan,nggo lako tumotambei - nggu,saya akan pergi
hio,garam,Iakoroto mo'alo o -ronga o lema,mereka pergi mengambil
hiro,mereka,ro onggota megaga hae i - keno laa tine eni aka,"mereka akan berkelahi kalau dinasihati hitu, mbohitupimengacau"
mehitungee,menghempaskan,iamo -ana dalo neino,jangan hempaskan anak ini
"hiwi, mebiwi",berbaris,- ro ihawi,
mereka,berbaris kemarin,,
mehiwi-hiwi,berbaris,- ro mbelako menggikiyii o hada,"mereka . berbaris-baris pergi melihat-lihat hiwi-hiwi mehiwi-hiwi berdekatan, berdempetan: - ro mbendo'otoro, mereka duduk berdekatan"
hoalu,delapan,nohoalu o wingi ano - oleo,"jadinya delapan malam dehodo, JiOdohodoi coba-coba dipasang"
ba-coba,dipasang,pasang: i bio - babuno,Bio men
"hohoruru, humohoruru",merintih,mbabongo,"pobongoa koe au laa -, mengapa kamu merin"
"bolea, mbobolea",menyendok,- kinaa,"menyendok nasi lholiwu selimut: - no mokapa, se"
mbeholiwu,berselimut,keno mokorinimu - to,kalau kau dingin berselimutlah
holiwu,kelambu,moseu -,menjahir
bulo,lampu,no alei - nu ano pepatei,dia ambillampunya kemudian
balori,sisip,mo - oato,ia menyisip
bolunga,ikat,- i nggiro'o v pade,ikatlah hulu parang itu
bumolungai,mengikat,ie - pademu,dia mengikat hulu parangmu
homa,hutan,i tomba - lahano mohai,tempat kebakaran di tepi hu
"hona-hona, mehona-hona",bersandar,no laa - no mokonga ngono,"sedang dia bersandar karena Ielah 1bongo, pobongoa tempat merendam"
bongo,rendam,hongo-hongoi rendam-rendam,
hopulo,sepuluh,- to o tau,"sudah selhori dekat: i - nggu, di dekatku"
horikee,dekatkan,- ine api,dekatkan di a pi
hori,samping,i -,di samping
"horia, horiano",teriakan,- to'ono dadio,teriakan orang banyak
horinggi,belum,- lett,belum datang
horo,lantai,simbii inggiro 'o o -,sambung lantai itu
hinoro,memasang lantai,"neino '""\ no hainggu",adikku yang merna-. sang lantai ini
horopii,beri lantai,- laikamu i ronga suumee,"t-ri lantai rumahhom, luunorubertenun"
hoto,potong,keku - ko auki mate,"kalau saya potong kau, ·kau mati"
humotoi,memotongnya,mana inae ke'ikaa -: walaupWl siapa,dia akan memotongnya
hinoto,dipotong,mbakoe o ronda ano - mengapa orang ronda di,
"howui, anohowui'ike dia",timbuni,tudu oleo - pu 'uno,tiap hari dia
"huda, mehuda",membuka,no laa - babuno i une rani,sementara dia membuka baju di dalam kamar
humudai,membuka,arino - soaluarano lakonoto tewuta,setelah membuka celananya lalu dia pergi
hudoo,ketulangan,no ponggaa owete sana -,"dia makan ikan, lalu"
"huhua, humuhua",menangis,sabutuno no dunggu no laika - anano,"setehui, humik lah dia sampai di rumah, anaknya"
"hui, humiikee",menyembunyikan,inae - bukunggu,siapa menyem
hula,mungkin,- inggo'o laa meka waiwaio,mungkin kamu sedang membuat malu
hulaie'ito,mungkin dia,- laa lako mekapala humaa,"mungkin dia sedang pergi naik kapal terbang lhule gasing: - no meambo, gasing"
hule,jantung,- nggu mokanda-kanda,"jantungku berdebar-debar hulele, mehulelenggu membelalakkan: iee - matano saba no oru manggaa, ia membelalakkan mata Iebar-lebar karena cuaca mendung"
hulo,lampu,mengga mbuupu'u nggiro'o o -,lampu itu terang sekali
hulono,lampunya,- mate ito,su-
"humbe, humbe-hnmbe",dimana-mana,- lahaano mehiako,"di mana-mana bumori, humorikee mengumpulkan tenaga untuk melahirkan: laa no - anano i kotolu, dia sedang mengumpulkan tenaga untuk melahirkan anaknya yang ketiga"
"huna, humuna",mengangguk,laaeto mbebitara laaeto -,dia sedang
"hungga, mohunggaf",membuka,- burna,membuka pati
humunggaii,bukakan,leuno laulaunggu ene - dia datang,saya
"hunu, tehunu",terbakar,aso laika -,
"husadawa, ahusadawa asap",pelor,anotelolohi - laaikaa o bangga,"dan habislah asap pelor, (teiapi)"
huu,no bidang,- nggiroo oono -,kubus itu mempunyai enam hidang
i,ke,inaku lako - manggasa,saya pergi ke Makassar
i,oleh,no pesawokee - ina,ia dimarahi oleh ibu
i,si,- ina,si ibu
ia,bunyi,mosa - no,tidak baik bunyinya
ia,tinggal,anopo -,dia tinggal
iahu,bambu tempat mengambil air,iso-iso poaloamami iwoi ine -,"dahulu kala karni mengambil air di ia inoto di danau, di rawa, di empang: - dadio o wate, di rawa ba"
iaino,jangan,ma teaso wuku - noino,biar satu biji jangan ada yang
ie,lya,no umooke'ekee tamono laulauno te -,dia panggil namanya langsung menyahut ya
iee,dia,- /uale inuanggi,dia gadis
ieito,dialah,- sada/enggu,diaiah temanku
ieito,adalah,ihiro - banggonano,
ieki,betulkan,leu hiroto -,mereka
iepo,baru,lembu 'ito no /ako - no onggo leu,"selama dia pergi, baru dia akan datang"
iepoka,baru saja,- no lako,baru
ihawi,kemarin,i ali - monggaa kinaa,kemarin Ali makan nasi
ihi,isi,dadio - no nggiro 'o wanggolo,ubi kayu itu banyak isinya
ihiro,mereka,- laa monggaa,mereka
ihiro,doworo beliau,- nggo mebinda mbeleesu,beliau akan berangkat
"i'ia, umi'ia",menangis,mbakoe au laa -,mengapa engkau menangis?
ika,ikan,- no o wose,ikannya besar
ikaa,akan,aku - -mopateka,saya
akan,membunuh engkau,,
akuikaa,say a akan,- tumondariko,saya akan menyusul engkau
ikaa,juga,akuumaloko,sayajuga
ikaa,hanya,o ruo - anano,hanya dua anaknya
asoikaa,hanya satu,o - wukuno lai'ikaa poi-poindi'i,hanya satu
ikaa,masih,laao woha,"masih ada beras 5ikaa saja: inggo - pinerahi-rahingu, hanya kau yang saya harapkan"
"ikaa, arinoikaa sesudah",selesai,saa - sumaru 'ikehero inipino,"sesudah selesai mereka ceritakan miml·k· di k di -· aro, e"
ikiro,di situ,inae - motidu,siapa yang bertinju di situ?
ikitu,di situ,- poi:mo tepopowula,"(di situ tinggalnya berbulan-bulan), dia tinggal di situ berbulan"
ikono,"untung, mujur",- nggonoanggee,untung kalau kena
iku,ekor,iee poindii - ngginikuno,"ia memegang ekor kerbaunya i1a hilang: - ito sarunggano, sudah"
"ilaro, anailarono anak",bayinya,nggiro'o i hindiano -,isi perutnya
I,lambedalu bermusuhan,konia otueno - mowaikaa o dosa,tidak ada gunanya bermusuhan hanya mem
I,latuanda nama orang laki-laki,amana - mate ito,ayah si La Tuanda
iliwua,sulung,ana -,anak sulung
"ilo, meilo",jauh,kambo tarinate dahu,kampung Ternate jauh se
imbe,di mana,- lahamu,di mana
ina,ibu,- nggu mate ito,ibuku telah meninggal
anopeinaanggu,lalu saya beribu,- kei Wetudai,lalu saya beribu kepada Wetudai
anopeinaanggu,dan saya beribu,- kei wetudai,dan saya beribu ke·
inae,siapa,- i kita mo'ia,siapa tinggal di sana?
inana,anyam,laeto mo'ia ano opunggo - no,dia tinggal habilah an
inanaae,ibu jari,- no kamba,ibu
lnuiako,bengkalai,indio taata hori ari tamono -,pek-erjaan yang belum selesai dinamai bengkalai
lna'u,turun,lakanoto i batulu - dumoa'i laa'i kaa salanggoano,kemudian batulu turon menghitungnya tapi masih salah hi tung
"inau, anoinau supaya",ke sana,- pe' ula i pu'u-ndawano uewai,"supaya ke sana, naik di daun pohon rotan kecil"
ina,undo ke sanalah,- alei,ke sana
inda,utang,ro leu onggo mowada -,mereka datang akan mem
"indi, umindi'i",memegang,nilakono - tina i manu-manuru,dia lalu memegang perempuan i Manu-manuru
"indio, m-indio bekerja",(mereka),dadio toono etai lako -,banyak orang mengetahui mereka pergi bekerja
"indiro, meindiro",memegangnya,laulauno - langsung memegangnya,
indo,sayang,ana rumbuino no - dahu,dia sayang sekali anak bung
ingoni,tadi,i bio merehu-rehu keni,Bio duduk tadi di sini
lngonika,baru tadi,- no amha motasu,"baru tadi dia akan fnaami karni:- /ako meronga-ronga,"
inggito,kita,- nilanggu karana to pomboponini,kita dipukul karena
inggomiu,"kamu, tuan",inae pera -,
inggo'o,1 anda,/anggu opioau/ako,"pukul berapa Alida berangkat? 2 kamu, kau: nggo - iee,"
line,di,o lirrw pekambo mesida leu tekonggo 'o,lima penduduk kampung rajin datang di pesta
ine,kepada,anandonia'ako rrbetotoa - /uale tetelalo,pemuda-pemuda memandang kepada gadis yang lewat
lnea,pinang,- rrwngoru,pinang
ineawi,"tuak, nira",- inolino i ina,
inehe,hilang,i bio sumua'i hapo-hapo i -,Bio mendapat barang-barang yang hilang
ine-ineheno,yang diingini,- nokaa /ako iki romune,keinginannya pergi ke sana
ineheno,idaman,luale momahe - langgai,gadis cantik idamana laki
inembue,nenek,golo-golo ari - no,
linipia,kapan,- au leu doki,kapan kamu datang?
inipua,kemarin dulu,- ihiro mondene o wuta,kemarin dulu mereka
lno,(,:niino) ini: te'embekee - ano rrwssa,kauapakan ini sehingga
inono,ini,- kadera keto telotu kareno,kursi ini akan patah kakinya
inotu,"rawa, danau",tolako rrwrako o wete i -,mari kita pergi menangkap ikan di rawa (danau)
inu,minum,- ito inggo'o,minumlah kamu!
inu-inui,minum-minum,hia-hia ku - keno tanio golano,saya cobacoba minum-minum kalau tidak ada gulanya
"io, mio",jemih,- mena i woino ahua nggineke,air sumurku jemih se
iol-oloho,nama kampung,kambo - morome dahu,"kampung Olo-ololpi mimpi: onopo - bosa, dia mimpi lipo lebih: meambokumbule mbiha, lebih baik saya pulang saja"
ipo,saja,ie - leu,dia saja datang
ipue,nenek,- motuo ito,nenek su
"iaa, mo'isa",menetes,woi matano -,
air,matanya menetes,mo'isa jatuh: o hapo sabano ano -,apa sebabnya dia jatuh?
isi,lagi,iee laaipo ehe -,ia masih mau lagi
isiipo,lagi,tuhani - teesi,tambah
isilamu,Islan,banggonanggu dadio -,"temanku banyak yang Islam lao, moiso tidur"
isue,alat penyedok sayur,lako alei - memeambo,pergi arnbil penyedok sayur yang bagus
"ita, meita",tinggi,- ako nggiro 'o o'osu,tinggi sekali gunung itu
I,tina nama orang,wonuano -,kam
ito,"sudah, telah",laa - i laikano togono · nggirogo,orang itu sudah
ada,di rumahnya,,
arl,ito sudah,- tepuli,sudah ter
itokaa,sudah,- posue auki mobunggo,sudah kamu menjahit nanti
itoo,juga,- nggu etai mewanggu,saya ikut juga memukul
"iuhu, anaiuhuno anak",bungsunya,meohaki mbenao meohawa'i -,sakit hatinya mengingat anak
iwaano,wajar,maa inae po keno konite -,"ya, siapa lagi kalau tiada"
iwoi,air,- laatelalo ari tudu o usa,air sedang banjir (karena) habis turun hujan
aiwoi,di air,meruku i - berjalan,
iwono,dia,- tano ari mebano,dia
"kaa, monggaa","memakan, makan",i ali ihawi - kinaa ikeni,Ali makan nasi kemarin di siili
kan,ikan,panggaaro tempat makan,
kumaa,memakan,au onggotoi bepano haimu,nanti kamu mema
kan,kue adikmu,,
kumaa'i,dimakan,"no alei kumiliti'i ano """""": ia ambil",dikulitinya lalu dimakannya
aiponggaa,supaya makan,- kinaa mesiu,supaya makan-makanan harum
anoponggaa,dia makan,anoale humunggui'i -,dia ambillalu dibukanya dan dia makan
anoponggaa,lalau dia makan,- sabutuno tekihori motu 'o oleo,"lalu dia makan, tepat rembang matahari"
kaa,saja,inggoo to - iamoto inaku,"engkau saja, tidak usah saya"
asotokaa,satu saja,opende'eni' aro te'eni,mereka sama-sama mengatakan satu saja perkataan
kaaka,kakak,- no leu ari i wonua,kakaknya datang dari lcimpung
kaasi,kasihan,.:._ inano,kasihan ibu
kabi,pancing,- nggu,pancingku
kumabi,memancing,i bio - i aalaa,Bio memancing di sungai
kabusa,cebok,- 'ito,ceboklah dia
kumabusa'i,menceboki,i aliha- · ino,Ali menceboki adiknya
kadera,kursi,- ue,kursi rotan
"kado, menggadoi",mengakui,inae tumenako au -,siapa menyunlh
kadoi,panggil,- to i ani,
kadu,cukup,- ito sangganggu,sudah cukup persiapanku
anokadu,supaya cukup,- o pitu o wingi,supaya cukup tujuh rna- .. lam
aukaduakoki,supaya cukup,autitiri'iki kinaamu - i tolu o wula,engkau hematkan makananinu supaya cukup untuk tiga bulan
kadu-kadu,pundi-pundi,- doi,pun
kadue,anoa,owose ipo - anoamba ohada,"lebih besar anoa daripada lkaduito sungguh: toano nggiro'o - no kawasa, orang itu sungguh 2k8duito sangat"
kae,tangan,pele -,telapak tangan
kai,kain,- balatu· meambo niowai paalua,kain belacu baik dibuat ban tal
"ka'i, peka'i",bercabang,pu 'unggasu nggiro'oo ruo,pohon kayu itu
"kala, mokala","Iebar-lebar, besar-besar",o pundi nggiro'o meendawa -,pisang itu berdaun Iebar-lebar.
kalabaria,parang besar,umbe - nggu,di mana parang besarku?
kalasi,kelas,eha-ehano no peeka -,dia senang naik kelas
"kale, kale-kale",biak,teopo -,ber
kembang,biak,biakkan: resono onggo - kolele piniara i daerah poopa nonio haselono,usahanya untuk membiakkan temak di daerah itu belum
kale-kale,gelang,- no ari ne salaka,gelangnya terbuat dari perak
"kalendo, mekalondo",mengapung,banggano -,"perahunya mengakaleno, tekalenokaa begitu berhamburan: - onggaa arombelako, begitu siang mereka Jangsung pergi"
kali,Jempar,ku - kee kasai,saya Jempar dengan tombak bermata tiga
kumalii,melempar,inaku - taipa lakoroto rumurui,saya melempar mangga lalu mereka memungutnya
kinali,dilempar,taa no tembimbiro matano no -: tidak herkedip,
kali,huang,akupekalinggoo,saya huang engkau
"kalia, mekalia",bergantian,- modagai,
"kalihi, monggalihi",menggali,iaa - ahua,sedang menggali sumur
kumalihi'i,menggali,inae - ahua ikiro mune,siapa menggali sumur
kalo,rotan yang dilingkarkan,amanggu laa mawayi o -,ayahku yang menyimpan rotan yang dilingkar
"kalondo, tekalondo",terapung,banggano -,perahunya terapung
"kalu, mokalu",keriting,wuuno,
kamara,kamar,- no o wose onga meambo,kamamya besar dan
kamba,bengkak,kaeno -,tangannya bengkak
kamba,bopeng,Iaino kokamba,mu
kambDi,karung,- woha,karung
kombisi,pipi,no kukutiikee - no ri buena,dia mencuhit pipi cucunya
kambo,kampung,ibawi no leu i -,dia datang di kampung kemarin
"kambo, pakambo",penduduk,o pitu - mesida leu ine tekonggoa,tujuh penduduk rajin datang di pes
kambuka,ijuk,- nde newai posikuti,ijuk sering dihuat sapu
kamina,paling,ananggu - telari,"kanda, mokanda-kanda berdebar-dehar: hulenggu -, jantungku her"
kandao,sabit,poindikona le'esu nggu,pegang dulu sabitku
kandoro,kantor,dadio ito to'ono laa onggo mbeleu mbeindio i -,sudah banyak orang yang datang
"kangga, o kangga",laba-laba,- morako oaso buroto,laba-laba me
kangganggalu,kelajengking,manuno mombandu - ingoni mooru-oru,
"kapa, o. kapa",kapas,kawu-kawu tonga - nopupui i ali,kapuk dan
"kapa, mokapa",tebal,- ako badamu,
kapaea,pepaya,- nggiro'o o wose,
kapala,kapal,- lumaa i laandoe,kapal terbang di angkasa
kapara,baki,ine -,di baki
"kapu, o kapu",beringin,puu nggapu · nggiro'o meito,pohon beringin itu
"kaputi, ponggaputi",pengikat,te uoli ito - no,sudah terlepas pengikat
karada,tombak,lau-lauroto umaleino,mereka terus mengambil tom
kanmbau,kerbau,nggiro'o - nggu,
karma,karena,inaku ni langgu - ku pomboponini,saya dipukul ka-
karapiti,gelepar,opuno ika iwoino ano -,setelah habis aimya ia
kare,kaki,anopetuha lako umului - no i Iomba,turon:pergi inenurunkan kakinya di lubang
karu,karung,inae tule 'i tumenei o - niino,siapa bisa mengangkat ka
kasai,tombak bermata tiga,ku kalikee,saya lempar dengan tombak
"kasi, kumasi'ike",jepitan,- nggiro'o tawano,jepitkan daun itu
kumasi'ikee,menjepit,ku - ·nggiro'o tawano,yang menjepit daun
"kaso, monggaso",tajam,umbe ta'awu - nggu,di mana parang panjangku
kasoro,kasur,mombuai -,menjemur
kasu,kayu,sumoru'i -,meni.bakar
"kato, mokokato",gatal,- totopdanggu tano nionggi wuluno,gatal ketiakku karena tidak ada bulunya
kawasa,kaya,amana mberanoto -,ayahnya sangat kay a
kawi,kawin,haino ariito -,adiknya
kawu-kawu,kapuk,- ronga okapa nopupui i Ani,"kapuk dan kapas keaba, mok:ea-keaba berbau frambusia: no amba peeks nggiro'o no-, yang bam naik itu berbau frambu"
keakea,burung kakatua,ronga kuluri nopiarai ipue,burung kakak tua dan burung nuri dipelihara nenek
keano,berahi,nokivi luale nggiro'o lau-launo loso - iune mbenaono,melihat gadis itu timbullah berahi
kee,nanti,- mosaa,nanti rusak
kei,kalau,- taa ku wanggu komiu,"kalau kamu biarkan saya, nanti"
kei,terhadap,o hapo sinalakinggu - nggomiu,apa kesalahanku terhadap kalian?
kei,"sama, pada",- iee iahaano numa'i,pada dia tempatnya me
"keketa, mekeketa",berkelahi,ro 1aameohai,sedang mereka berkelahi bersaudara
kumeketai,merobek,taasiito ano - saluarono,biarkan dia merobek
keki,I nanti,iamo u hiwi'i - mosa'a,jangan kausesak nanti rusak
kekohanua,merugi,nggo -,akan me
kela,labu,lau-launo mondaliako - ninahu,langsung dia mengatur labu yang dimasak
kelano,labunya,humbee-humbee mberano nolumele - sampai di,
keloro,kelor,tawa -,daun kelor
kembatea,pinesan,sanotekiiri'i kaiina-inano lau-launo -,"setelah melihat seperti ibunya, dia langsung pingsang"
"kena, mengena",sama,o pua mbeembee laano -,angin dimana-mana
keadaannya,sama,menggena-kena sama-sama: - baburo,baju mereka sama-sama mo
keni,di sini,i ali ihawi monggaa kinaa i -,kemarin Ali makan nasi 1 keno bila: =. laa te
keno,daripada,- nggo kekohamua ' malabi meamboipo marugi,"daripada malu, lebih baik rugi"
kenotaa,tanpa,- inaku ivee kioki no ehe lako,tanpa saya ia tidak
"keo, o keo",bekicot,dadio sewtuu - i kambo nggiro'o,banyak sekali bekicot di kampung itu
kepo,seandainya,- inaku umalei aku te'eni,"saya katakan, seandainya saya yang arnbil"
kepoie,apalagi,- nggiro'o nomotahato keto gumau-gau sawatu 'uo,"dia akan membohongi betul-betul, apalagi itu sudah masak:"
"kerasi, arimekerasi dia",menggigit,iepo ano me'ambo penaono kenoinelairo nokole,nanti hatinya senang apabila dia menggigit lengan
kete-kete,cerewet,ponduno i masri -,mulut Masri cerewet
keto,akan,inono kadera - telotu ito kareno,kursi ini sudah akan
keulanggi,selarna kau,- meohawai o ombu,"aukaa salama, selama kau ingat Tuhan, insya Allah kau"
ki,karni,inggarni nilanggu,"karana - pomboponini, kami dipukul kakiikii, mokiiki kii, mbekakii'ako saling melihat, berpandang-pandangan: i ali ronga i oheo - ihawi, Ali dan Oheo ber"
pandang-pandangan,kemarin,,
monggii,melihat,i inai ali,ibu
melihat,Ali,,
monggikii,melihat-lihat,"i oheo """"-! manu-manu",Oheo melihat-lihat burung
ponggii,melihat,ku - laika aha i wiwi sa/a,karni melihat rumah besar di pinggir sungai
pinokokii,dapat dilihat,i bio - i batulu,Bio dapat dilihat oleh Batulu
kumikii,S6lalu saja melihat,i ina - anano,ibu selalu saja melihat anaknya
kinikikii,dilihat-lihat,iamo - o taipe nggiro'o,jangan dilihat-lihat
"kiikii, mokiiki",melihat,ano - mombeokunahi,dia melihat dan mernilih
ponggiikii,melihat,saa tebuamu aro - atahakono mokele,"ketika engkau muncul, mereka melihat semua budak raja"
monggikii,melihat,inaku - luale,say a melihat gadis:
kumikii,melihat,ano 'amba leu - 'i,kemudian datang melihatnya
kumikii'i,melihat,inaku inau - sapi laa nigere,saya turun melihat sapi yang dipotong
kumikio,melihat,inggo 'o - toono telato i keni ihawi,kamu melihat orang yang lewat di sini kemarin
kiki,gigit,dahuno ikaa ano - hanya anjingnya yang menggigit,
mekiki,menggigit,i oheo - taipa,"lkila I halilintar: o - to imbendamoto ilaika, kalian masuk ke ru"
mah,karena ada halilintar,2 kilat,
"kila, menggila","mengkilat, berkilau",wulaamu -,"emasmu berkilau kilaa, *uknla nanti-nanti saya: - aku gua-guako, nanti-nanti saya"
kilo,kilo,o ono o - momenino,
kinaa,nasi,i ali ihawi monggaaikeni,Ali makan nasi kemarin di sini
membuatkan,bekal,tumena 'i walino - disuruhnya istrinya mem,
kinaa,motaha bekal,doi - no i bio opuito,uang bekal Bio sudah habis
mekinaa,motaha berbekal,iee - lako i ban timuru ia berbekal pergi ke Bantimurung,
mekinaa,motahakee membekali,inae - amina lako i kolaka,siapa yang membekali Aminah pergi ke Kolaka?
mekinaa,motahai membekali,inae - i bio /ako i tinanggea,siapa yang membekali Bio pergi ke Tinanggea?
mbera,kinaa motaha perbekalan,- (kinaa motahano) ana dalo nggiro 'o kadui sanggano,perbekalan anak itu cukup lengkap
"kinaputi, anokinaputi lalu",dlikat,i pewisoto ona i'une bakilandakaano -,"masuklah engkau ke dalam keranjang besar, lalu diikat mulut"
"kini, mekini mencari",kutu,- hainggu ronga banggonano,adikku dengan temannya mencari kutu
kiniku,kerbau,dadio - nigere,ba
kiniwia,sore,mohina -,besok sore
kinowu,"maskan dalam bamu, lemang",tainahu -,daging yang dimasak
kioki,1 tidak,- no ehe lako,dia tidak mau pergi
kira-kira,kira-kira,- hopulo toono lako i kita,kira-kira sepuluh orang
kire,kening,- ronga wulu mataro ana dalo nggiro 'o meambo,kening dan alis anak itu baik
kita,sana,inae i -,"siapa di sana? lkoa kian: - oleotetuhanino ambono, kian hari, kian bertambah"
koa,tiap,- hina lakono no damano,tiap hari pergi ke pekerjaannya
koa-koa,tiap-tiap,-oleo aro lako lumelau'i haino,tiap-tiap hari mereka pergi mengunjungi adiknya
"koa, koa-koano",pas-pasan,- bepano teoaso,pas-pasan kuenya satu
"koau, mokoau",rindu,- dahu,rindu
"kobo, o kobo",mangkuk,- peihiako sambalu,"peanihi, okuni, oliku ronga loio, rnangkuk yang berisi asam, garam, kunyit, lengkuas,"
kobue,mendaa kacang panjang,purundawa -,sayur kacang panjang
koburu,kabur,mendaa ito rembuno nggiro'o -,rumput kubur itu su
"koe, o koe",burung bangau,dadioi galu,banyak burung bangau di
koea,kelelawat,pundino opu nokaai -,pisangnya habis dimakan kele
koi,ranjang,ne -,di ranjang
"kokato, mokokato",gatal,tawa kowuna - dahu,daun bambu gatal
"koko, kookoko",berkokok,kokomohina o manu laa eto -,pagi-pagi
kokolea,benci,- mbupu'u,paling benci
kwitokoleai,pembenci,ana dalo nggiro'o - haino,anak itu pem-
